what,kind,bundleId,bundleVersion,description,time
executed,command,org.eclipse.ui,3.6.2.M20110203-1100,"org.eclipse.ui.edit.copy",1560091761812
activated,editor,org.eclipse.jst.jsp.ui,1.1.504.v201103231819,"org.eclipse.jst.jsp.core.jspsource.source",1560091762440
executed,command,org.eclipse.ui,3.6.2.M20110203-1100,"org.eclipse.ui.edit.paste",1560091766178
executed,command,org.eclipse.ui,3.6.2.M20110203-1100,"org.eclipse.ui.edit.paste",1560091768907
executed,command,org.eclipse.ui,3.6.2.M20110203-1100,"org.eclipse.ui.file.save",1560091775772
deactivated,workbench,org.eclipse.ui.workbench,3.6.2.M20110210-1200,"",1560091779334
activated,workbench,org.eclipse.ui.workbench,3.6.2.M20110210-1200,"",1560091780354
executed,command,org.eclipse.wst.server.ui,1.1.208.v20110427_1739,"org.eclipse.wst.server.launchShortcut.run",1560091780382
opened,editor,org.eclipse.ui.browser,3.3.1.r36_20101216,"org.eclipse.ui.browser.editor",1560091780547
activated,editor,org.eclipse.ui.browser,3.3.1.r36_20101216,"org.eclipse.ui.browser.editor",1560091780592
closed,editor,org.eclipse.ui.browser,3.3.1.r36_20101216,"org.eclipse.ui.browser.editor",1560091781382
activated,editor,org.eclipse.jst.jsp.ui,1.1.504.v201103231819,"org.eclipse.jst.jsp.core.jspsource.source",1560091787572
closed,editor,org.eclipse.ui.browser,3.3.1.r36_20101216,"org.eclipse.ui.browser.editor",1560091787572
activated,editor,org.eclipse.jst.jsp.ui,1.1.504.v201103231819,"org.eclipse.jst.jsp.core.jspsource.source",1560091794722
activated,editor,org.eclipse.jst.jsp.ui,1.1.504.v201103231819,"org.eclipse.jst.jsp.core.jspsource.source",1560091796202
activated,editor,org.eclipse.jst.jsp.ui,1.1.504.v201103231819,"org.eclipse.jst.jsp.core.jspsource.source",1560091797206
deactivated,workbench,org.eclipse.ui.workbench,3.6.2.M20110210-1200,"",1560091798974
activated,workbench,org.eclipse.ui.workbench,3.6.2.M20110210-1200,"",1560091800149
executed,command,org.eclipse.ui,3.6.2.M20110203-1100,"org.eclipse.ui.file.save",1560091831849
activated,editor,org.eclipse.jst.jsp.ui,1.1.504.v201103231819,"org.eclipse.jst.jsp.core.jspsource.source",1560091837753
activated,view,org.eclipse.ui.navigator.resources,3.4.202.M20101124-0800,"org.eclipse.ui.navigator.ProjectExplorer",1560091841779
started,bundle,org.eclipse.jst.ws.jaxws.dom.integration,1.0.0.v201004171919,"org.eclipse.jst.ws.jaxws.dom.integration",1560091841875
started,bundle,org.eclipse.jst.ws.jaxws.dom.ui,1.0.0.v201004171919,"org.eclipse.jst.ws.jaxws.dom.ui",1560091841903
started,bundle,org.eclipse.jst.servlet.ui,1.1.405.v201104141500,"org.eclipse.jst.servlet.ui",1560091841975
started,bundle,org.eclipse.wst.xsl.debug.ui,1.0.101.v201102111830,"org.eclipse.wst.xsl.debug.ui",1560091868479
activated,editor,org.eclipse.jst.jsp.ui,1.1.504.v201103231819,"org.eclipse.jst.jsp.core.jspsource.source",1560091869640
activated,view,org.eclipse.ui.navigator.resources,3.4.202.M20101124-0800,"org.eclipse.ui.navigator.ProjectExplorer",1560091872919
opened,editor,org.eclipse.jdt.ui,3.6.2.r362_v20110203,"org.eclipse.jdt.ui.CompilationUnitEditor",1560091882002
activated,editor,org.eclipse.jdt.ui,3.6.2.r362_v20110203,"org.eclipse.jdt.ui.CompilationUnitEditor",1560091882248
activated,editor,org.eclipse.jst.jsp.ui,1.1.504.v201103231819,"org.eclipse.jst.jsp.core.jspsource.source",1560091884426
closed,editor,org.eclipse.jdt.ui,3.6.2.r362_v20110203,"org.eclipse.jdt.ui.CompilationUnitEditor",1560091884426
executed,command,org.eclipse.ui,3.6.2.M20110203-1100,"org.eclipse.ui.edit.delete",1560091885659
executed,command,org.eclipse.ui,3.6.2.M20110203-1100,"org.eclipse.ui.edit.undo",1560091887827
activated,view,org.eclipse.ui.navigator.resources,3.4.202.M20101124-0800,"org.eclipse.ui.navigator.ProjectExplorer",1560091889109
deactivated,workbench,org.eclipse.ui.workbench,3.6.2.M20110210-1200,"",1560091890806
activated,workbench,org.eclipse.ui.workbench,3.6.2.M20110210-1200,"",1560091893524
executed,command,org.eclipse.ui,3.6.2.M20110203-1100,"org.eclipse.ui.edit.delete",1560091893549
opened,editor,org.eclipse.jdt.ui,3.6.2.r362_v20110203,"org.eclipse.jdt.ui.CompilationUnitEditor",1560091899678
activated,editor,org.eclipse.jdt.ui,3.6.2.r362_v20110203,"org.eclipse.jdt.ui.CompilationUnitEditor",1560091899787
started,bundle,org.eclipse.jdt.junit,3.6.1.r361_v20100825-0800,"org.eclipse.jdt.junit",1560091900053
activated,view,org.eclipse.ui.navigator.resources,3.4.202.M20101124-0800,"org.eclipse.ui.navigator.ProjectExplorer",1560091908908
opened,editor,org.eclipse.jdt.ui,3.6.2.r362_v20110203,"org.eclipse.jdt.ui.CompilationUnitEditor",1560091909902
activated,editor,org.eclipse.jdt.ui,3.6.2.r362_v20110203,"org.eclipse.jdt.ui.CompilationUnitEditor",1560091909983
activated,view,org.eclipse.ui.navigator.resources,3.4.202.M20101124-0800,"org.eclipse.ui.navigator.ProjectExplorer",1560091922429
executed,command,org.eclipse.ui,3.6.2.M20110203-1100,"org.eclipse.ui.edit.copy",1560091924370
deactivated,workbench,org.eclipse.ui.workbench,3.6.2.M20110210-1200,"",1560091926717
activated,workbench,org.eclipse.ui.workbench,3.6.2.M20110210-1200,"",1560091928745
deactivated,workbench,org.eclipse.ui.workbench,3.6.2.M20110210-1200,"",1560091929429
activated,workbench,org.eclipse.ui.workbench,3.6.2.M20110210-1200,"",1560091935609
executed,command,org.eclipse.ui,3.6.2.M20110203-1100,"org.eclipse.ui.edit.paste",1560091935872
opened,editor,org.eclipse.jdt.ui,3.6.2.r362_v20110203,"org.eclipse.jdt.ui.CompilationUnitEditor",1560091937767
activated,editor,org.eclipse.jdt.ui,3.6.2.r362_v20110203,"org.eclipse.jdt.ui.CompilationUnitEditor",1560091937810
closed,editor,org.eclipse.jdt.ui,3.6.2.r362_v20110203,"org.eclipse.jdt.ui.CompilationUnitEditor",1560091938837
activated,view,org.eclipse.ui.navigator.resources,3.4.202.M20101124-0800,"org.eclipse.ui.navigator.ProjectExplorer",1560091943773
opened,editor,org.eclipse.jdt.ui,3.6.2.r362_v20110203,"org.eclipse.jdt.ui.CompilationUnitEditor",1560091948184
activated,editor,org.eclipse.jdt.ui,3.6.2.r362_v20110203,"org.eclipse.jdt.ui.CompilationUnitEditor",1560091948222
activated,editor,org.eclipse.jdt.ui,3.6.2.r362_v20110203,"org.eclipse.jdt.ui.CompilationUnitEditor",1560091949789
closed,editor,org.eclipse.jdt.ui,3.6.2.r362_v20110203,"org.eclipse.jdt.ui.CompilationUnitEditor",1560091949789
activated,view,org.eclipse.ui.navigator.resources,3.4.202.M20101124-0800,"org.eclipse.ui.navigator.ProjectExplorer",1560091950834
opened,editor,org.eclipse.jdt.ui,3.6.2.r362_v20110203,"org.eclipse.jdt.ui.CompilationUnitEditor",1560091953023
activated,editor,org.eclipse.jdt.ui,3.6.2.r362_v20110203,"org.eclipse.jdt.ui.CompilationUnitEditor",1560091953141
activated,editor,org.eclipse.jdt.ui,3.6.2.r362_v20110203,"org.eclipse.jdt.ui.CompilationUnitEditor",1560091960047
closed,editor,org.eclipse.jdt.ui,3.6.2.r362_v20110203,"org.eclipse.jdt.ui.CompilationUnitEditor",1560091960048
activated,view,org.eclipse.ui.navigator.resources,3.4.202.M20101124-0800,"org.eclipse.ui.navigator.ProjectExplorer",1560091969614
opened,editor,org.eclipse.jdt.ui,3.6.2.r362_v20110203,"org.eclipse.jdt.ui.CompilationUnitEditor",1560091969901
activated,editor,org.eclipse.jdt.ui,3.6.2.r362_v20110203,"org.eclipse.jdt.ui.CompilationUnitEditor",1560091969941
executed,command,org.eclipse.ui,3.6.2.M20110203-1100,"org.eclipse.ui.edit.copy",1560091978953
activated,editor,org.eclipse.jdt.ui,3.6.2.r362_v20110203,"org.eclipse.jdt.ui.CompilationUnitEditor",1560091980207
executed,command,org.eclipse.ui,3.6.2.M20110203-1100,"org.eclipse.ui.edit.paste",1560091983675
executed,command,org.eclipse.ui.workbench.texteditor,3.6.1.r361_v20100714-0800,"org.eclipse.ui.edit.text.delete.line",1560091993629
executed,command,org.eclipse.ui,3.6.2.M20110203-1100,"org.eclipse.ui.edit.copy",1560091998364
executed,command,org.eclipse.ui,3.6.2.M20110203-1100,"org.eclipse.ui.edit.paste",1560092001745
started,bundle,org.eclipse.pde.launching,3.6.0.v20100601,"org.eclipse.pde.launching",1560092004093
started,bundle,org.eclipse.ui.views.log,1.0.100.v20110210_r362,"org.eclipse.ui.views.log",1560092004112
started,bundle,org.eclipse.pde.ui,3.6.1.v20110210_r362,"org.eclipse.pde.ui",1560092004132
executed,command,org.eclipse.ui,3.6.2.M20110203-1100,"org.eclipse.ui.edit.paste",1560092006257
executed,command,org.eclipse.ui.workbench.texteditor,3.6.1.r361_v20100714-0800,"org.eclipse.ui.edit.text.delete.line",1560092008944
executed,command,org.eclipse.ui,3.6.2.M20110203-1100,"org.eclipse.ui.edit.paste",1560092015897
opened,editor,org.eclipse.jdt.ui,3.6.2.r362_v20110203,"org.eclipse.jdt.ui.ClassFileEditor",1560092019660
activated,editor,org.eclipse.jdt.ui,3.6.2.r362_v20110203,"org.eclipse.jdt.ui.ClassFileEditor",1560092019712
activated,editor,org.eclipse.jdt.ui,3.6.2.r362_v20110203,"org.eclipse.jdt.ui.CompilationUnitEditor",1560092021519
closed,editor,org.eclipse.jdt.ui,3.6.2.r362_v20110203,"org.eclipse.jdt.ui.ClassFileEditor",1560092021519
executed,command,org.eclipse.ui,3.6.2.M20110203-1100,"org.eclipse.ui.file.save",1560092058165
activated,editor,org.eclipse.jst.jsp.ui,1.1.504.v201103231819,"org.eclipse.jst.jsp.core.jspsource.source",1560092059575
executed,command,org.eclipse.ui,3.6.2.M20110203-1100,"org.eclipse.ui.edit.undo",1560092069208
executed,command,org.eclipse.wst.sse.ui,1.2.4.v201103231819,"org.eclipse.wst.sse.ui.add.block.comment",1560092077334
executed,command,org.eclipse.ui,3.6.2.M20110203-1100,"org.eclipse.ui.edit.copy",1560092079966
executed,command,org.eclipse.ui,3.6.2.M20110203-1100,"org.eclipse.ui.edit.paste",1560092083627
executed,command,org.eclipse.ui,3.6.2.M20110203-1100,"org.eclipse.ui.edit.copy",1560092103781
executed,command,org.eclipse.ui,3.6.2.M20110203-1100,"org.eclipse.ui.edit.paste",1560092107507
activated,editor,org.eclipse.jst.jsp.ui,1.1.504.v201103231819,"org.eclipse.jst.jsp.core.jspsource.source",1560092120049
activated,editor,org.eclipse.jdt.ui,3.6.2.r362_v20110203,"org.eclipse.jdt.ui.CompilationUnitEditor",1560092146377
activated,editor,org.eclipse.jst.jsp.ui,1.1.504.v201103231819,"org.eclipse.jst.jsp.core.jspsource.source",1560092149242
closed,editor,org.eclipse.jdt.ui,3.6.2.r362_v20110203,"org.eclipse.jdt.ui.CompilationUnitEditor",1560092149243
activated,editor,org.eclipse.jdt.ui,3.6.2.r362_v20110203,"org.eclipse.jdt.ui.CompilationUnitEditor",1560092150878
executed,command,org.eclipse.ui,3.6.2.M20110203-1100,"org.eclipse.ui.file.save",1560092156138
activated,editor,org.eclipse.jst.jsp.ui,1.1.504.v201103231819,"org.eclipse.jst.jsp.core.jspsource.source",1560092157302
executed,command,org.eclipse.ui,3.6.2.M20110203-1100,"org.eclipse.ui.edit.undo",1560092166140
executed,command,org.eclipse.ui,3.6.2.M20110203-1100,"org.eclipse.ui.edit.copy",1560092181324
executed,command,org.eclipse.ui,3.6.2.M20110203-1100,"org.eclipse.ui.edit.paste",1560092185967
executed,command,org.eclipse.ui,3.6.2.M20110203-1100,"org.eclipse.ui.file.save",1560092187821
activated,editor,org.eclipse.jst.jsp.ui,1.1.504.v201103231819,"org.eclipse.jst.jsp.core.jspsource.source",1560092190700
activated,editor,org.eclipse.jdt.ui,3.6.2.r362_v20110203,"org.eclipse.jdt.ui.CompilationUnitEditor",1560092194486
activated,editor,org.eclipse.jdt.ui,3.6.2.r362_v20110203,"org.eclipse.jdt.ui.CompilationUnitEditor",1560092205733
activated,editor,org.eclipse.jdt.ui,3.6.2.r362_v20110203,"org.eclipse.jdt.ui.CompilationUnitEditor",1560092207822
activated,editor,org.eclipse.jst.jsp.ui,1.1.504.v201103231819,"org.eclipse.jst.jsp.core.jspsource.source",1560092216550
activated,editor,org.eclipse.jdt.ui,3.6.2.r362_v20110203,"org.eclipse.jdt.ui.CompilationUnitEditor",1560092233024
activated,editor,org.eclipse.jst.jsp.ui,1.1.504.v201103231819,"org.eclipse.jst.jsp.core.jspsource.source",1560092236747
executed,command,org.eclipse.ui,3.6.2.M20110203-1100,"org.eclipse.ui.file.save",1560092239318
executed,command,org.eclipse.ui,3.6.2.M20110203-1100,"org.eclipse.ui.file.save",1560092246653
activated,editor,org.eclipse.jdt.ui,3.6.2.r362_v20110203,"org.eclipse.jdt.ui.CompilationUnitEditor",1560092249820
executed,command,org.eclipse.jdt.ui,3.6.2.r362_v20110203,"org.eclipse.jdt.ui.edit.text.java.toggle.comment",1560092259386
executed,command,org.eclipse.ui,3.6.2.M20110203-1100,"org.eclipse.ui.file.save",1560092260306
activated,editor,org.eclipse.jst.jsp.ui,1.1.504.v201103231819,"org.eclipse.jst.jsp.core.jspsource.source",1560092262054
closed,editor,org.eclipse.jdt.ui,3.6.2.r362_v20110203,"org.eclipse.jdt.ui.CompilationUnitEditor",1560092262054
activated,editor,org.eclipse.jdt.ui,3.6.2.r362_v20110203,"org.eclipse.jdt.ui.CompilationUnitEditor",1560092265914
executed,command,org.eclipse.ui,3.6.2.M20110203-1100,"org.eclipse.ui.file.save",1560092280898
activated,editor,org.eclipse.jst.jsp.ui,1.1.504.v201103231819,"org.eclipse.jst.jsp.core.jspsource.source",1560092283401
executed,command,org.eclipse.ui,3.6.2.M20110203-1100,"org.eclipse.ui.edit.copy",1560092315845
executed,command,org.eclipse.ui,3.6.2.M20110203-1100,"org.eclipse.ui.edit.paste",1560092318442
executed,command,org.eclipse.ui,3.6.2.M20110203-1100,"org.eclipse.ui.edit.copy",1560092322749
executed,command,org.eclipse.ui,3.6.2.M20110203-1100,"org.eclipse.ui.edit.paste",1560092324635
executed,command,org.eclipse.ui,3.6.2.M20110203-1100,"org.eclipse.ui.edit.text.contentAssist.proposals",1560092335053
executed,command,org.eclipse.ui,3.6.2.M20110203-1100,"org.eclipse.ui.edit.copy",1560092367216
executed,command,org.eclipse.ui,3.6.2.M20110203-1100,"org.eclipse.ui.edit.paste",1560092369202
executed,command,org.eclipse.ui,3.6.2.M20110203-1100,"org.eclipse.ui.edit.paste",1560092373708
executed,command,org.eclipse.ui,3.6.2.M20110203-1100,"org.eclipse.ui.edit.paste",1560092380274
executed,command,org.eclipse.ui,3.6.2.M20110203-1100,"org.eclipse.ui.file.save",1560092383394
activated,editor,org.eclipse.jst.jsp.ui,1.1.504.v201103231819,"org.eclipse.jst.jsp.core.jspsource.source",1560092384519
deactivated,workbench,org.eclipse.ui.workbench,3.6.2.M20110210-1200,"",1560092387426
activated,workbench,org.eclipse.ui.workbench,3.6.2.M20110210-1200,"",1560092388654
started,bundle,org.eclipse.pde.core,3.6.2.v20110210_r362,"org.eclipse.pde.core",1560092388830
deactivated,workbench,org.eclipse.ui.workbench,3.6.2.M20110210-1200,"",1560092388861
activated,workbench,org.eclipse.ui.workbench,3.6.2.M20110210-1200,"",1560092389814
executed,command,org.eclipse.wst.server.ui,1.1.208.v20110427_1739,"org.eclipse.wst.server.launchShortcut.run",1560092389844
activated,view,org.eclipse.ui.navigator.resources,3.4.202.M20101124-0800,"org.eclipse.ui.navigator.ProjectExplorer",1560092392142
opened,editor,org.eclipse.ui.browser,3.3.1.r36_20101216,"org.eclipse.ui.browser.editor",1560092400826
activated,editor,org.eclipse.ui.browser,3.3.1.r36_20101216,"org.eclipse.ui.browser.editor",1560092400865
activated,view,org.eclipse.wst.server.ui,1.1.208.v20110427_1739,"org.eclipse.wst.server.ui.ServersView",1560092401765
activated,view,org.eclipse.ui.console,3.5.0.v20100526,"org.eclipse.ui.console.ConsoleView",1560092402736
activated,editor,org.eclipse.ui.browser,3.3.1.r36_20101216,"org.eclipse.ui.browser.editor",1560092404407
activated,editor,org.eclipse.jst.jsp.ui,1.1.504.v201103231819,"org.eclipse.jst.jsp.core.jspsource.source",1560092424003
closed,editor,org.eclipse.ui.browser,3.3.1.r36_20101216,"org.eclipse.ui.browser.editor",1560092424003
activated,editor,org.eclipse.jst.jsp.ui,1.1.504.v201103231819,"org.eclipse.jst.jsp.core.jspsource.source",1560092426364
executed,command,org.eclipse.wst.sse.ui,1.2.4.v201103231819,"org.eclipse.wst.sse.ui.add.block.comment",1560092429601
executed,command,org.eclipse.ui,3.6.2.M20110203-1100,"org.eclipse.ui.file.save",1560092437314
executed,command,org.eclipse.wst.sse.ui,1.2.4.v201103231819,"org.eclipse.wst.sse.ui.add.block.comment",1560092461046
executed,command,org.eclipse.ui,3.6.2.M20110203-1100,"org.eclipse.ui.file.save",1560092462423
activated,editor,org.eclipse.jst.jsp.ui,1.1.504.v201103231819,"org.eclipse.jst.jsp.core.jspsource.source",1560092463819
deactivated,workbench,org.eclipse.ui.workbench,3.6.2.M20110210-1200,"",1560092466654
activated,workbench,org.eclipse.ui.workbench,3.6.2.M20110210-1200,"",1560092467805
executed,command,org.eclipse.wst.server.ui,1.1.208.v20110427_1739,"org.eclipse.wst.server.launchShortcut.run",1560092467830
opened,editor,org.eclipse.ui.browser,3.3.1.r36_20101216,"org.eclipse.ui.browser.editor",1560092468121
activated,editor,org.eclipse.ui.browser,3.3.1.r36_20101216,"org.eclipse.ui.browser.editor",1560092468165
activated,editor,org.eclipse.jst.jsp.ui,1.1.504.v201103231819,"org.eclipse.jst.jsp.core.jspsource.source",1560092482982
executed,command,org.eclipse.wst.sse.ui,1.2.4.v201103231819,"org.eclipse.wst.sse.ui.add.block.comment",1560092490815
executed,command,org.eclipse.ui,3.6.2.M20110203-1100,"org.eclipse.ui.file.save",1560092497630
executed,command,org.eclipse.ui,3.6.2.M20110203-1100,"org.eclipse.ui.edit.copy",1560092529302
executed,command,org.eclipse.ui,3.6.2.M20110203-1100,"org.eclipse.ui.edit.paste",1560092532568
executed,command,org.eclipse.ui,3.6.2.M20110203-1100,"org.eclipse.ui.file.save",1560092535876
executed,command,org.eclipse.ui,3.6.2.M20110203-1100,"org.eclipse.ui.edit.copy",1560092563308
executed,command,org.eclipse.ui,3.6.2.M20110203-1100,"org.eclipse.ui.edit.paste",1560092565320
executed,command,org.eclipse.ui,3.6.2.M20110203-1100,"org.eclipse.ui.file.save",1560092571613
executed,command,org.eclipse.ui,3.6.2.M20110203-1100,"org.eclipse.ui.edit.copy",1560092586669
executed,command,org.eclipse.ui,3.6.2.M20110203-1100,"org.eclipse.ui.edit.paste",1560092590630
executed,command,org.eclipse.ui,3.6.2.M20110203-1100,"org.eclipse.ui.file.save",1560092598240
activated,editor,org.eclipse.jst.jsp.ui,1.1.504.v201103231819,"org.eclipse.jst.jsp.core.jspsource.source",1560092600919
closed,editor,org.eclipse.ui.browser,3.3.1.r36_20101216,"org.eclipse.ui.browser.editor",1560092602350
deactivated,workbench,org.eclipse.ui.workbench,3.6.2.M20110210-1200,"",1560092605071
activated,workbench,org.eclipse.ui.workbench,3.6.2.M20110210-1200,"",1560092606337
executed,command,org.eclipse.wst.server.ui,1.1.208.v20110427_1739,"org.eclipse.wst.server.launchShortcut.run",1560092606361
opened,editor,org.eclipse.ui.browser,3.3.1.r36_20101216,"org.eclipse.ui.browser.editor",1560092606640
activated,editor,org.eclipse.ui.browser,3.3.1.r36_20101216,"org.eclipse.ui.browser.editor",1560092606688
activated,editor,org.eclipse.jst.jsp.ui,1.1.504.v201103231819,"org.eclipse.jst.jsp.core.jspsource.source",1560092626026
executed,command,org.eclipse.ui.workbench.texteditor,3.6.1.r361_v20100714-0800,"org.eclipse.ui.edit.text.delete.line",1560092629195
executed,command,org.eclipse.ui.workbench.texteditor,3.6.1.r361_v20100714-0800,"org.eclipse.ui.edit.text.delete.line",1560092631231
executed,command,org.eclipse.ui.workbench.texteditor,3.6.1.r361_v20100714-0800,"org.eclipse.ui.edit.text.delete.line",1560092633599
executed,command,org.eclipse.ui,3.6.2.M20110203-1100,"org.eclipse.ui.file.save",1560092640051
closed,editor,org.eclipse.ui.browser,3.3.1.r36_20101216,"org.eclipse.ui.browser.editor",1560092641293
activated,editor,org.eclipse.jst.jsp.ui,1.1.504.v201103231819,"org.eclipse.jst.jsp.core.jspsource.source",1560092642376
deactivated,workbench,org.eclipse.ui.workbench,3.6.2.M20110210-1200,"",1560092644814
activated,workbench,org.eclipse.ui.workbench,3.6.2.M20110210-1200,"",1560092645820
executed,command,org.eclipse.wst.server.ui,1.1.208.v20110427_1739,"org.eclipse.wst.server.launchShortcut.run",1560092645844
opened,editor,org.eclipse.ui.browser,3.3.1.r36_20101216,"org.eclipse.ui.browser.editor",1560092646097
activated,editor,org.eclipse.ui.browser,3.3.1.r36_20101216,"org.eclipse.ui.browser.editor",1560092646147
activated,view,org.eclipse.ui.console,3.5.0.v20100526,"org.eclipse.ui.console.ConsoleView",1560092647616
activated,editor,org.eclipse.ui.browser,3.3.1.r36_20101216,"org.eclipse.ui.browser.editor",1560092648719
activated,editor,org.eclipse.jst.jsp.ui,1.1.504.v201103231819,"org.eclipse.jst.jsp.core.jspsource.source",1560092661959
closed,editor,org.eclipse.ui.browser,3.3.1.r36_20101216,"org.eclipse.ui.browser.editor",1560092661959
activated,editor,org.eclipse.jst.jsp.ui,1.1.504.v201103231819,"org.eclipse.jst.jsp.core.jspsource.source",1560092663860
executed,command,org.eclipse.ui,3.6.2.M20110203-1100,"org.eclipse.ui.edit.undo",1560092668374
executed,command,org.eclipse.ui,3.6.2.M20110203-1100,"org.eclipse.ui.edit.undo",1560092668641
executed,command,org.eclipse.ui,3.6.2.M20110203-1100,"org.eclipse.ui.edit.undo",1560092669756
executed,command,org.eclipse.ui,3.6.2.M20110203-1100,"org.eclipse.ui.edit.undo",1560092670080
executed,command,org.eclipse.ui,3.6.2.M20110203-1100,"org.eclipse.ui.edit.undo",1560092670331
executed,command,org.eclipse.ui,3.6.2.M20110203-1100,"org.eclipse.ui.edit.undo",1560092670591
executed,command,org.eclipse.ui,3.6.2.M20110203-1100,"org.eclipse.ui.edit.undo",1560092670836
executed,command,org.eclipse.ui,3.6.2.M20110203-1100,"org.eclipse.ui.edit.undo",1560092671062
executed,command,org.eclipse.ui,3.6.2.M20110203-1100,"org.eclipse.ui.edit.undo",1560092672277
executed,command,org.eclipse.ui,3.6.2.M20110203-1100,"org.eclipse.ui.edit.undo",1560092672536
executed,command,org.eclipse.ui,3.6.2.M20110203-1100,"org.eclipse.ui.edit.undo",1560092672758
executed,command,org.eclipse.ui,3.6.2.M20110203-1100,"org.eclipse.ui.edit.undo",1560092672986
executed,command,org.eclipse.ui,3.6.2.M20110203-1100,"org.eclipse.ui.edit.undo",1560092673203
executed,command,org.eclipse.ui,3.6.2.M20110203-1100,"org.eclipse.ui.edit.undo",1560092673452
executed,command,org.eclipse.ui,3.6.2.M20110203-1100,"org.eclipse.ui.edit.undo",1560092673694
executed,command,org.eclipse.ui,3.6.2.M20110203-1100,"org.eclipse.ui.edit.undo",1560092673943
executed,command,org.eclipse.ui,3.6.2.M20110203-1100,"org.eclipse.ui.edit.undo",1560092674405
executed,command,org.eclipse.ui,3.6.2.M20110203-1100,"org.eclipse.ui.edit.undo",1560092674728
executed,command,org.eclipse.ui,3.6.2.M20110203-1100,"org.eclipse.ui.edit.undo",1560092675091
executed,command,org.eclipse.ui,3.6.2.M20110203-1100,"org.eclipse.ui.edit.undo",1560092677449
executed,command,org.eclipse.ui,3.6.2.M20110203-1100,"org.eclipse.ui.edit.undo",1560092678116
executed,command,org.eclipse.ui,3.6.2.M20110203-1100,"org.eclipse.ui.edit.undo",1560092679269
executed,command,org.eclipse.ui,3.6.2.M20110203-1100,"org.eclipse.ui.file.save",1560092682549
executed,command,org.eclipse.ui,3.6.2.M20110203-1100,"org.eclipse.ui.edit.copy",1560092692742
executed,command,org.eclipse.ui.workbench.texteditor,3.6.1.r361_v20100714-0800,"org.eclipse.ui.edit.text.delete.line",1560092695389
executed,command,org.eclipse.ui,3.6.2.M20110203-1100,"org.eclipse.ui.edit.paste",1560092699123
executed,command,org.eclipse.ui,3.6.2.M20110203-1100,"org.eclipse.ui.edit.copy",1560092705941
executed,command,org.eclipse.ui.workbench.texteditor,3.6.1.r361_v20100714-0800,"org.eclipse.ui.edit.text.delete.line",1560092706263
executed,command,org.eclipse.ui,3.6.2.M20110203-1100,"org.eclipse.ui.edit.paste",1560092709924
executed,command,org.eclipse.ui,3.6.2.M20110203-1100,"org.eclipse.ui.file.save",1560092712590
activated,editor,org.eclipse.jst.jsp.ui,1.1.504.v201103231819,"org.eclipse.jst.jsp.core.jspsource.source",1560092713148
deactivated,workbench,org.eclipse.ui.workbench,3.6.2.M20110210-1200,"",1560092715978
activated,workbench,org.eclipse.ui.workbench,3.6.2.M20110210-1200,"",1560092717202
executed,command,org.eclipse.wst.server.ui,1.1.208.v20110427_1739,"org.eclipse.wst.server.launchShortcut.run",1560092717230
opened,editor,org.eclipse.ui.browser,3.3.1.r36_20101216,"org.eclipse.ui.browser.editor",1560092717494
activated,editor,org.eclipse.ui.browser,3.3.1.r36_20101216,"org.eclipse.ui.browser.editor",1560092717541
activated,editor,org.eclipse.jst.jsp.ui,1.1.504.v201103231819,"org.eclipse.jst.jsp.core.jspsource.source",1560092737760
closed,editor,org.eclipse.ui.browser,3.3.1.r36_20101216,"org.eclipse.ui.browser.editor",1560092738934
executed,command,org.eclipse.ui,3.6.2.M20110203-1100,"org.eclipse.ui.file.save",1560092761756
activated,editor,org.eclipse.jst.jsp.ui,1.1.504.v201103231819,"org.eclipse.jst.jsp.core.jspsource.source",1560092764455
deactivated,workbench,org.eclipse.ui.workbench,3.6.2.M20110210-1200,"",1560092767117
activated,workbench,org.eclipse.ui.workbench,3.6.2.M20110210-1200,"",1560092768233
executed,command,org.eclipse.wst.server.ui,1.1.208.v20110427_1739,"org.eclipse.wst.server.launchShortcut.run",1560092768261
opened,editor,org.eclipse.ui.browser,3.3.1.r36_20101216,"org.eclipse.ui.browser.editor",1560092768504
activated,editor,org.eclipse.ui.browser,3.3.1.r36_20101216,"org.eclipse.ui.browser.editor",1560092768554
activated,view,org.eclipse.ui.console,3.5.0.v20100526,"org.eclipse.ui.console.ConsoleView",1560092769408
activated,editor,org.eclipse.ui.browser,3.3.1.r36_20101216,"org.eclipse.ui.browser.editor",1560092770736
activated,editor,org.eclipse.jst.jsp.ui,1.1.504.v201103231819,"org.eclipse.jst.jsp.core.jspsource.source",1560092787610
activated,editor,org.eclipse.jst.jsp.ui,1.1.504.v201103231819,"org.eclipse.jst.jsp.core.jspsource.source",1560092789341
executed,command,org.eclipse.ui,3.6.2.M20110203-1100,"org.eclipse.ui.edit.copy",1560092797918
activated,editor,org.eclipse.jst.jsp.ui,1.1.504.v201103231819,"org.eclipse.jst.jsp.core.jspsource.source",1560092798861
executed,command,org.eclipse.ui,3.6.2.M20110203-1100,"org.eclipse.ui.edit.paste",1560092802696
executed,command,org.eclipse.ui,3.6.2.M20110203-1100,"org.eclipse.ui.file.save",1560092816303
deactivated,workbench,org.eclipse.ui.workbench,3.6.2.M20110210-1200,"",1560092839076
activated,workbench,org.eclipse.ui.workbench,3.6.2.M20110210-1200,"",1560092840240
closed,workbench,org.eclipse.ui.workbench,3.6.2.M20110210-1200,"",1560092840726
stopped,bundle,com.android.ide.eclipse.adt,10.0.1.v201103111512-110841,"com.android.ide.eclipse.adt",1560092843680
stopped,bundle,com.android.ide.eclipse.hierarchyviewer,10.0.1.v201103111512-110841,"com.android.ide.eclipse.hierarchyviewer",1560092843749
stopped,bundle,com.android.ide.eclipse.traceview,10.0.1.v201103111512-110841,"com.android.ide.eclipse.traceview",1560092843749
stopped,bundle,com.android.ide.eclipse.ddms,10.0.1.v201103111512-110841,"com.android.ide.eclipse.ddms",1560092843749
